{"graph_1": {"_type": "graph-file", "path": "media/graph/graph_1_summary_aab6a31c.graph.json", "sha256": "aab6a31caee7430df20d696bf67f74e8a0495ceae0ef47066e8372b3035274bb", "size": 1071}, "graph_0": {"_type": "graph-file", "path": "media/graph/graph_0_summary_bda85621.graph.json", "sha256": "bda856210ad4e2eca2ef13e82eba69cfd3f96d7f8de3125c36234046a4af83d7", "size": 1066}, "_runtime": 44.72389602661133, "actions/forward": 0.5299999713897705, "actions/right": 0.014999999664723873, "_timestamp": 1598696459.2084732, "metrics/score": -1.0, "timers/learn": 0.8501374125480652, "metrics/accumulated_score": -0.873344361782074, "actions/nothing": 0.0, "metrics/accumulated_completion": 0.1666666716337204, "metrics/deadlocks": 1.0, "actions/left": 0.017999999225139618, "timers/reset": 0.30518731474876404, "timers/step": 9.732837677001953, "actions/stop": 0.43700000643730164, "timers/train": 26.627239227294922, "_step": 1, "global_step": 1, "metrics/accumulated_deadlocks": 0.8333333134651184, "actions/distribution": {"_type": "histogram", "values": [0.0, 1.0, 0.0, 0.0, 0.0, 0.0, 0.0, 0.0, 0.0, 0.0, 0.0, 0.0, 0.0, 0.0, 0.0, 0.0, 0.0, 0.0, 0.0, 0.0, 0.0, 0.0, 0.0, 0.0, 0.0, 0.0, 0.0, 0.0, 0.0, 0.0, 0.0, 0.0, 0.0, 0.0, 0.0, 0.0, 0.0, 0.0, 0.0, 0.0, 0.0, 0.0, 0.0, 0.0, 0.0, 0.0, 0.0, 0.0, 0.0, 0.0, 0.0, 0.0, 0.0, 0.0, 0.0, 0.0, 0.0, 0.0, 0.0, 0.0, 0.0, 0.0, 0.0, 0.0, 0.0, 0.0, 0.0, 0.0, 0.0, 0.0, 0.0, 0.0, 0.0, 0.0, 0.0, 0.0, 0.0, 0.0, 0.0, 0.0, 0.0, 0.0, 0.0, 0.0, 0.0, 0.0, 0.0, 0.0, 0.0, 0.0, 0.0, 0.0, 0.0, 0.0, 0.0, 0.0, 0.0, 0.0, 0.0, 0.0, 0.0, 0.0, 0.0, 0.0, 0.0, 0.0, 0.0, 0.0, 0.0, 0.0, 0.0, 0.0, 0.0, 0.0, 0.0, 0.0, 0.0, 0.0, 0.0, 0.0, 0.0, 0.0, 0.0, 0.0, 0.0, 0.0, 0.0, 0.0, 0.0, 0.0, 0.0, 0.0, 0.0, 0.0, 0.0, 0.0, 0.0, 0.0, 0.0, 0.0, 0.0, 0.0, 0.0, 0.0, 0.0, 0.0, 0.0, 0.0, 0.0, 0.0, 0.0, 0.0, 0.0, 0.0, 0.0, 0.0, 0.0, 0.0, 0.0, 0.0, 0.0, 0.0, 0.0, 0.0, 0.0, 0.0, 0.0, 0.0, 0.0, 0.0, 0.0, 0.0, 0.0, 0.0, 0.0, 0.0, 0.0, 0.0, 0.0, 0.0, 0.0, 0.0, 0.0, 0.0, 0.0, 0.0, 0.0, 0.0, 0.0, 0.0, 0.0, 0.0, 0.0, 0.0, 0.0, 0.0, 0.0, 0.0, 0.0, 0.0, 0.0, 0.0, 0.0, 0.0, 0.0, 0.0, 0.0, 0.0, 0.0, 0.0, 0.0, 0.0, 0.0, 0.0, 0.0, 0.0, 0.0, 0.0, 0.0, 0.0, 0.0, 0.0, 0.0, 0.0, 0.0, 0.0, 0.0, 0.0, 0.0, 0.0, 0.0, 0.0, 0.0, 0.0, 0.0, 0.0, 0.0, 0.0, 0.0, 0.0, 0.0, 0.0, 0.0, 0.0, 0.0, 0.0, 0.0, 1.0, 0.0, 1.0, 0.0, 0.0, 0.0, 0.0, 0.0, 0.0, 0.0, 0.0, 0.0, 0.0, 0.0, 0.0, 0.0, 0.0, 0.0, 0.0, 0.0, 0.0, 0.0, 0.0, 0.0, 0.0, 0.0, 0.0, 0.0, 0.0, 0.0, 0.0, 0.0, 0.0, 0.0, 0.0, 0.0, 1.0, 0.0, 1.0], "bins": [-1e-12, 0.0, 1e-12, 1.1000000000000002e-12, 1.2100000000000003e-12, 1.3310000000000005e-12, 1.4641000000000006e-12, 1.6105100000000008e-12, 1.771561000000001e-12, 1.9487171000000014e-12, 2.1435888100000016e-12, 2.357947691000002e-12, 2.593742460100002e-12, 2.8531167061100027e-12, 3.1384283767210032e-12, 3.452271214393104e-12, 3.797498335832415e-12, 4.177248169415657e-12, 4.594972986357223e-12, 5.054470284992946e-12, 5.559917313492241e-12, 6.115909044841466e-12, 6.727499949325613e-12, 7.400249944258175e-12, 8.140274938683992e-12, 8.954302432552392e-12, 9.849732675807632e-12, 1.0834705943388396e-11, 1.1918176537727236e-11, 1.310999419149996e-11, 1.4420993610649957e-11, 1.5863092971714956e-11, 1.7449402268886454e-11, 1.91943424957751e-11, 2.111377674535261e-11, 2.3225154419887876e-11, 2.5547669861876665e-11, 2.8102436848064334e-11, 3.091268053287077e-11, 3.400394858615785e-11, 3.7404343444773633e-11, 4.1144777789251e-11, 4.5259255568176104e-11, 4.978518112499372e-11, 5.4763699237493095e-11, 6.02400691612424e-11, 6.626407607736665e-11, 7.289048368510333e-11, 8.017953205361366e-11, 8.819748525897503e-11, 9.701723378487254e-11, 1.067189571633598e-10, 1.173908528796958e-10, 1.291299381676654e-10, 1.4204293198443196e-10, 1.5624722518287518e-10, 1.718719477011627e-10, 1.89059142471279e-10, 2.079650567184069e-10, 2.287615623902476e-10, 2.516377186292724e-10, 2.7680149049219964e-10, 3.0448163954141963e-10, 3.349298034955616e-10, 3.684227838451178e-10, 4.0526506222962957e-10, 4.4579156845259254e-10, 4.903707252978519e-10, 5.394077978276371e-10, 5.933485776104008e-10, 6.52683435371441e-10, 7.179517789085851e-10, 7.897469567994436e-10, 8.68721652479388e-10, 9.55593817727327e-10, 1.0511531995000597e-09, 1.1562685194500657e-09, 1.2718953713950723e-09, 1.3990849085345797e-09, 1.5389933993880379e-09, 1.6928927393268418e-09, 1.8621820132595262e-09, 2.048400214585479e-09, 2.253240236044027e-09, 2.47856425964843e-09, 2.7264206856132736e-09, 2.9990627541746013e-09, 3.2989690295920617e-09, 3.628865932551268e-09, 3.991752525806396e-09, 4.390927778387036e-09, 4.830020556225739e-09, 5.313022611848313e-09, 5.8443248730331455e-09, 6.428757360336461e-09, 7.071633096370107e-09, 7.778796406007119e-09, 8.556676046607832e-09, 9.412343651268615e-09, 1.0353578016395478e-08, 1.1388935818035027e-08, 1.2527829399838531e-08, 1.3780612339822385e-08, 1.5158673573804625e-08, 1.667454093118509e-08, 1.83419950243036e-08, 2.017619452673396e-08, 2.219381397940736e-08, 2.4413195377348097e-08, 2.6854514915082908e-08, 2.95399664065912e-08, 3.249396304725032e-08, 3.574335935197536e-08, 3.9317695287172896e-08, 4.324946481589019e-08, 4.757441129747921e-08, 5.2331852427227134e-08, 5.756503766994985e-08, 6.332154143694484e-08, 6.965369558063933e-08, 7.661906513870326e-08, 8.42809716525736e-08, 9.270906881783097e-08, 1.0197997569961407e-07, 1.1217797326957548e-07, 1.2339577059653305e-07, 1.3573534765618637e-07, 1.4930888242180502e-07, 1.6423977066398553e-07, 1.8066374773038411e-07, 1.9873012250342254e-07, 2.1860313475376482e-07, 2.4046344822914135e-07, 2.645097930520555e-07, 2.909607723572611e-07, 3.200568495929872e-07, 3.5206253455228594e-07, 3.8726878800751456e-07, 4.2599566680826603e-07, 4.6859523348909267e-07, 5.15454756838002e-07, 5.670002325218022e-07, 6.237002557739824e-07, 6.860702813513807e-07, 7.546773094865188e-07, 8.301450404351707e-07, 9.131595444786879e-07, 1.0044754989265568e-06, 1.1049230488192125e-06, 1.2154153537011338e-06, 1.3369568890712472e-06, 1.470652577978372e-06, 1.6177178357762093e-06, 1.7794896193538304e-06, 1.9574385812892137e-06, 2.153182439418135e-06, 2.368500683359949e-06, 2.605350751695944e-06, 2.865885826865539e-06, 3.1524744095520932e-06, 3.467721850507303e-06, 3.8144940355580335e-06, 4.1959434391138375e-06, 4.615537783025222e-06, 5.077091561327744e-06, 5.584800717460519e-06, 6.143280789206572e-06, 6.757608868127229e-06, 7.4333697549399525e-06, 8.176706730433948e-06, 8.994377403477343e-06, 9.893815143825077e-06, 1.0883196658207586e-05, 1.1971516324028345e-05, 1.316866795643118e-05, 1.44855347520743e-05, 1.593408822728173e-05, 1.7527497050009902e-05, 1.9280246755010893e-05, 2.1208271430511985e-05, 2.3329098573563184e-05, 2.5662008430919505e-05, 2.822820927401146e-05, 3.1051030201412604e-05, 3.415613322155387e-05, 3.757174654370926e-05, 4.132892119808019e-05, 4.546181331788821e-05, 5.000799464967703e-05, 5.500879411464474e-05, 6.050967352610922e-05, 6.656064087872014e-05, 7.321670496659217e-05, 8.053837546325138e-05, 8.859221300957652e-05, 9.745143431053419e-05, 0.00010719657774158762, 0.00011791623551574639, 0.00012970785906732103, 0.00014267864497405315, 0.00015694650947145847, 0.00017264116041860433, 0.00018990527646046477, 0.00020889580410651126, 0.0002297853845171624, 0.00025276392296887866, 0.0002780403152657665, 0.0003058443467923432, 0.00033642878147157755, 0.0003700716596187353, 0.0004070788255806089, 0.0004477867081386698, 0.0004925653789525368, 0.0005418219168477906, 0.0005960041085325697, 0.0006556045193858267, 0.0007211649713244094, 0.0007932814684568504, 0.0008726096153025355, 0.0009598705768327891, 0.001055857634516068, 0.001161443397967675, 0.0012775877377644426, 0.001405346511540887, 0.0015458811626949758, 0.0017004692789644735, 0.001870516206860921, 0.0020575678275470133, 0.0022633246103017147, 0.0024896570713318863, 0.002738622778465075, 0.0030124850563115826, 0.003313733561942741, 0.0036451069181370156, 0.004009617609950718, 0.00441057937094579, 0.00485163730804037, 0.005336801038844407, 